<?xml version="1.0"?>
<doc>
    <assembly>
        <name>FileHandlingSystem</name>
    </assembly>
    <members>
        <member name="T:FileHandlingSystem.AboutUs">
            <summary>
            Partial class for About us form
            </summary>
        </member>
        <member name="M:FileHandlingSystem.AboutUs.#ctor">
            <summary>
            Constructor to show ABout us form
            </summary>
        </member>
        <member name="F:FileHandlingSystem.AboutUs.components">
            <summary>
            Required designer variable.
            </summary>
        </member>
        <member name="M:FileHandlingSystem.AboutUs.Dispose(System.Boolean)">
            <summary>
            Clean up any resources being used.
            </summary>
            <param name="disposing">true if managed resources should be disposed; otherwise, false.</param>
        </member>
        <member name="M:FileHandlingSystem.AboutUs.InitializeComponent">
            <summary>
            Required method for Designer support - do not modify
            the contents of this method with the code editor.
            </summary>
        </member>
        <member name="T:FileHandlingSystem.frm_Authentication">
            <summary>
            Class For Authentication Form
            </summary>
        </member>
        <member name="F:FileHandlingSystem.frm_Authentication.validated">
            <summary>
            property to show if the user  is validated
            </summary>
        </member>
        <member name="F:FileHandlingSystem.frm_Authentication.vlo">
            <summary>
            class object to use property of value layer object class
            </summary>
        </member>
        <member name="M:FileHandlingSystem.frm_Authentication.#ctor(VO_FIleHandlingSystem.ValueLayerObject)">
            <summary>
            Default Construcctor whcih will be invoked when an object of this class is created
            </summary>
        </member>
        <member name="M:FileHandlingSystem.frm_Authentication.InitializeElements">
            <summary>
            Initialize Elements of Form When the Form is Loaded
            </summary>
        </member>
        <member name="M:FileHandlingSystem.frm_Authentication.btn_submit_Click(System.Object,System.EventArgs)">
            <summary>
            Event handler Function to RUn when the user click on submit button or pressed enter from password texbox
            </summary>
            <param name="sender"></param>
            <param name="e"></param>
        </member>
        <member name="F:FileHandlingSystem.frm_Authentication.components">
            <summary>
            Required designer variable.
            </summary>
        </member>
        <member name="M:FileHandlingSystem.frm_Authentication.Dispose(System.Boolean)">
            <summary>
            Clean up any resources being used.
            </summary>
            <param name="disposing">true if managed resources should be disposed; otherwise, false.</param>
        </member>
        <member name="M:FileHandlingSystem.frm_Authentication.InitializeComponent">
            <summary>
            Required method for Designer support - do not modify
            the contents of this method with the code editor.
            </summary>
        </member>
        <member name="T:FileHandlingSystem.frm_MainForm">
            <summary>
            partial class for main form
            </summary>
        </member>
        <member name="M:FileHandlingSystem.frm_MainForm.#ctor">
            <summary>
            COnstructor function whcih will be invoked when an object of this class is created
            </summary>
        </member>
        <member name="M:FileHandlingSystem.frm_MainForm.EnableFunctionality">
             <summary>
            Disable button of Main Form for the Guest user, to make the form readonly
             </summary>
        </member>
        <member name="M:FileHandlingSystem.frm_MainForm.InitializeElements">
            <summary>
            Intialize the elements of main form
            </summary>
        </member>
        <member name="M:FileHandlingSystem.frm_MainForm.ExtractData">
            <summary>
            Extract the Data from the Record and insert that data into the Data grid view
            </summary>
        </member>
        <member name="M:FileHandlingSystem.frm_MainForm.btn_new_Click(System.Object,System.EventArgs)">
            <summary>
            Event to Add new record, Disabled for guest user
            </summary>
            <param name="sender"></param>
            <param name="e"></param>
        </member>
        <member name="M:FileHandlingSystem.frm_MainForm.btn_Update_Click(System.Object,System.EventArgs)">
            <summary>
            Event to update the record, Disabled for gues users
            </summary>
            <param name="sender"></param>
            <param name="e"></param>
        </member>
        <member name="M:FileHandlingSystem.frm_MainForm.InsertDataToValues(System.Object[])">
            <summary>
            FUnction to add the Array of objects to the value array
            </summary>
            <param name="array"></param>
        </member>
        <member name="M:FileHandlingSystem.frm_MainForm.grid_userData_CellDoubleClick(System.Object,System.Windows.Forms.DataGridViewCellEventArgs)">
            <summary>
            Function to Open the record in view only Form
            </summary>
            <param name="sender"></param>
            <param name="e"></param>
        </member>
        <member name="M:FileHandlingSystem.frm_MainForm.btn_delete_Click(System.Object,System.EventArgs)">
            <summary>
            Function to delete the record, disabled for guest users
            </summary>
            <param name="sender"></param>
            <param name="e"></param>
        </member>
        <member name="M:FileHandlingSystem.frm_MainForm.grd_userData_CellValueChanged(System.Object,System.Windows.Forms.DataGridViewCellEventArgs)">
            <summary>
            Event, which will invoke when data is entered in any cell of filter row, i.e. first row of data grid view
            </summary>
            <param name="sender"></param>
            <param name="e"></param>
        </member>
        <member name="M:FileHandlingSystem.frm_MainForm.AddCrossButton(System.Windows.Forms.DataGridViewCell)">
            <summary>
            Function to Add the Cross Button When Data is entered in the filter row cell
            </summary>
            <param name="cell">Cell, where data is entered</param>
        </member>
        <member name="M:FileHandlingSystem.frm_MainForm.RemoveCrossButton(System.Windows.Forms.DataGridViewCell)">
            <summary>
            Function to Remove all the cross button from the filter row
            </summary>
            <param name="cell"></param>
        </member>
        <member name="M:FileHandlingSystem.frm_MainForm.CrossButton_Click(System.Object,System.EventArgs)">
            <summary>
            Event to remove single filter from the filter row
            </summary>
            <param name="sender"></param>
            <param name="e"></param>
        </member>
        <member name="M:FileHandlingSystem.frm_MainForm.UpdateButtonPosition(System.Windows.Forms.Button,System.Windows.Forms.DataGridViewCell)">
            <summary>
            Function to Update Button Position When data grid view is scrolled
            </summary>
            <param name="button"></param>
            <param name="cell"></param>
        </member>
        <member name="F:FileHandlingSystem.frm_MainForm.components">
            <summary>
            Required designer variable.
            </summary>
        </member>
        <member name="M:FileHandlingSystem.frm_MainForm.Dispose(System.Boolean)">
            <summary>
            Clean up any resources being used.
            </summary>
            <param name="disposing">true if managed resources should be disposed; otherwise, false.</param>
        </member>
        <member name="M:FileHandlingSystem.frm_MainForm.InitializeComponent">
            <summary>
            Required method for Designer support - do not modify
            the contents of this method with the code editor.
            </summary>
        </member>
        <member name="T:FileHandlingSystem.frm_UserForm">
            <summary>
            Partial class for user form class
            </summary>
        </member>
        <member name="M:FileHandlingSystem.frm_UserForm.#ctor(VO_FIleHandlingSystem.ValueLayerObject)">
            <summary>
            Constructor function, whcih will be invoked when and object of thsi class is created
            </summary>
            <param name="vlo">Object of Value layer object classs</param>
        </member>
        <member name="M:FileHandlingSystem.frm_UserForm.InitializeElement">
            <summary>
            Initialize the Element of form
            </summary>
        </member>
        <member name="M:FileHandlingSystem.frm_UserForm.OpenFormInReadOnly">
            <summary>
            Open the form in readonly mode, so that no new changes can be done
            </summary>
        </member>
        <member name="M:FileHandlingSystem.frm_UserForm.InsertDataInViewForm(System.Int64)">
            <summary>
            Insert the data into user form
            </summary>
            <param name="index"></param>
        </member>
        <member name="M:FileHandlingSystem.frm_UserForm.DisableScrollButtons">
            <summary>
            Disable the button used for view only form
            </summary>
        </member>
        <member name="M:FileHandlingSystem.frm_UserForm.EnableElements">
            <summary>
            Enable all the elements, so that when form is opened gain, no element is disable dby default
            </summary>
        </member>
        <member name="M:FileHandlingSystem.frm_UserForm.GetPaddedInputdata">
            <summary>
            Pad the Input Data from the user into the format, whcih is requiree to store the record
            </summary>
            <returns>Padded record in string</returns>
        </member>
        <member name="M:FileHandlingSystem.frm_UserForm.btn_add_Click(System.Object,System.EventArgs)">
            <summary>
            Addd the new record 
            </summary>
            <param name="sender"></param>
            <param name="e"></param>
        </member>
        <member name="M:FileHandlingSystem.frm_UserForm.FocusOnInvalidBox(VO_FIleHandlingSystem.ValueObject)">
            <summary>
            Function to focus on element of form where the invalid data is present
            </summary>
            <param name="vo">Object of Value object class</param>
        </member>
        <member name="M:FileHandlingSystem.frm_UserForm.PadString(System.String,System.Int32)">
            <summary>
            pad single string with Space character
            </summary>
            <param name="input"></param>
            <param name="length"></param>
            <returns></returns>
        </member>
        <member name="M:FileHandlingSystem.frm_UserForm.checkChange">
            <summary>
            Check changes made after the form is opened
            </summary>
            <returns></returns>
        </member>
        <member name="M:FileHandlingSystem.frm_UserForm.btn_Edit_Click(System.Object,System.EventArgs)">
            <summary>
            Edit the Record data
            </summary>
            <param name="sender"></param>
            <param name="e"></param>
        </member>
        <member name="M:FileHandlingSystem.frm_UserForm.ClearInEditMode">
            <summary>
            function to change record from update record from new record
            </summary>
        </member>
        <member name="M:FileHandlingSystem.frm_UserForm.btn_clear_Click(System.Object,System.EventArgs)">
            <summary>
            clear the form when clear button is clicked
            </summary>
            <param name="sender"></param>
            <param name="e"></param>
        </member>
        <member name="M:FileHandlingSystem.frm_UserForm.Cleardata">
            <summary>
            Clear all the form inputs  to default value
            </summary>
        </member>
        <member name="M:FileHandlingSystem.frm_UserForm.FindRowWithSerialNumber(System.Int64)">
            <summary>
            Find Row with sae serial number,if present return the index of row otherwise return the -1
            </summary>
            <param name="serial"></param>
            <returns></returns>
        </member>
        <member name="M:FileHandlingSystem.frm_UserForm.EnableButtonOfView(System.Int64)">
            <summary>
            Enable button of viewonly form after pressing any button in that form
            </summary>
            <param name="index"></param>
        </member>
        <member name="F:FileHandlingSystem.frm_UserForm.components">
            <summary>
            Required designer variable.
            </summary>
        </member>
        <member name="M:FileHandlingSystem.frm_UserForm.Dispose(System.Boolean)">
            <summary>
            Clean up any resources being used.
            </summary>
            <param name="disposing">true if managed resources should be disposed; otherwise, false.</param>
        </member>
        <member name="M:FileHandlingSystem.frm_UserForm.InitializeComponent">
            <summary>
            Required method for Designer support - do not modify
            the contents of this method with the code editor.
            </summary>
        </member>
        <member name="M:FileHandlingSystem.Program.Main">
            <summary>
            The main entry point for the application.
            </summary>
        </member>
        <member name="T:FileHandlingSystem.Properties.Resources">
            <summary>
              A strongly-typed resource class, for looking up localized strings, etc.
            </summary>
        </member>
        <member name="P:FileHandlingSystem.Properties.Resources.ResourceManager">
            <summary>
              Returns the cached ResourceManager instance used by this class.
            </summary>
        </member>
        <member name="P:FileHandlingSystem.Properties.Resources.Culture">
            <summary>
              Overrides the current thread's CurrentUICulture property for all
              resource lookups using this strongly typed resource class.
            </summary>
        </member>
        <member name="P:FileHandlingSystem.Properties.Resources.images">
            <summary>
              Looks up a localized resource of type System.Drawing.Bitmap.
            </summary>
        </member>
        <member name="P:FileHandlingSystem.Properties.Resources.user_logo">
            <summary>
              Looks up a localized resource of type System.Drawing.Bitmap.
            </summary>
        </member>
        <member name="P:FileHandlingSystem.Properties.Resources.vertexlogo">
            <summary>
              Looks up a localized resource of type System.Drawing.Bitmap.
            </summary>
        </member>
        <member name="T:ui_UserInterface.ui_Controls">
            <summary>
            Class consisting of Function to Interact with the data grid view
            </summary>
        </member>
        <member name="M:ui_UserInterface.ui_Controls.AddColumnInGrid(System.Windows.Forms.DataGridView)">
            <summary>
            Add COlumn Name in the data grid view from column Name enum
            </summary>
            <param name="grd_userData"></param>
        </member>
        <member name="M:ui_UserInterface.ui_Controls.ExtractDataIntoGrid(System.Windows.Forms.DataGridView,VO_FIleHandlingSystem.ValueLayerObject,Mdl_resources.Resources)">
            <summary>
            Extract the data from record into data grid view
            </summary>
            <param name="grd_userData"></param>
            <param name="vlo"></param>
            <param name="rsc"></param>
        </member>
        <member name="M:ui_UserInterface.ui_Controls.HideRowsWithEmptyCells(System.Int32,System.Object,System.Windows.Forms.DataGridView)">
            <summary>
            Function to filter out the rows on column basis
            </summary>
            <param name="indexOfColumn">index of column where filteration will be done</param>
            <param name="data">data based on which filteration is done</param>
            <param name="grd_userData"></param>
        </member>
        <member name="M:ui_UserInterface.ui_Controls.SearchRowsWithSearchText(System.String,System.Windows.Forms.DataGridView)">
            <summary>
            Function to search text in all the cells of datagrid view
            </summary>
            <param name="data"></param>
            <param name="grd_userData"></param>
        </member>
        <member name="M:ui_UserInterface.ui_Controls.ShowAllRows(System.Windows.Forms.DataGridView)">
            <summary>
            Function to make all the rows of datagridview as visible
            </summary>
            <param name="grd_userData"></param>
        </member>
    </members>
</doc>
