<?xml version="1.0"?>
<doc>
    <assembly>
        <name>VO_FIleHandlingSystem</name>
    </assembly>
    <members>
        <member name="T:FIleHandlingSystem.VO.clsEmployeeVO">
            <summary>
            Class to allow communication between the various classes and DLL's throught the properties
            </summary>
        </member>
        <member name="M:FIleHandlingSystem.VO.clsEmployeeVO.#ctor">
            <summary>
            Non Parameterized Constructor of Value object
            </summary>
        </member>
        <member name="M:FIleHandlingSystem.VO.clsEmployeeVO.#ctor(System.String)">
            <summary>
            Parameterized Constructor of Value object
            </summary>
            <param name="data">current record</param>
        </member>
        <member name="T:FIleHandlingSystem.VO.AuthenticatorValueObject">
            <summary>
            Value object class to allow communication of authentication properties
            </summary>
        </member>
        <member name="T:FIleHandlingSystem.VO.EmployeeData">
            <summary>
            Structure the break down the record into various properties
            </summary>
        </member>
        <member name="T:FIleHandlingSystem.VO.ValueLayerObject">
            <summary>
            class to provide static and least changeable data to various DLL's
            </summary>
        </member>
        <member name="F:FIleHandlingSystem.VO.ValueLayerObject.records">
            <summary>
            List of records to store the user data
            </summary>
        </member>
        <member name="M:FIleHandlingSystem.VO.ValueLayerObject.AssigndataToEMployeeData(FIleHandlingSystem.VO.EmployeeData,System.String)">
            <summary>
            Assign Data to Employee Data Object from data record
            </summary>
            <param name="vo"></param>
            <param name="data"></param>
            <returns></returns>
        </member>
        <member name="M:FIleHandlingSystem.VO.ValueLayerObject.GenerateDataString(FIleHandlingSystem.VO.EmployeeData)">
            <summary>
            Generate Dat Record of fixed length 927 from the Employee Data Object
            </summary>
            <param name="vo"></param>
            <returns></returns>
        </member>
    </members>
</doc>
